Model, RMSPE
naive, 0.34135449018801606
OLS, 0.2511553714616929